{
    "result_on_corrupted_new_data": 0.7277751778578155,
    "result_on_clean_new_data": 0.7942243424983999
}