{
    "result_on_corrupted_new_data": 0.6097315292207567,
    "result_on_clean_new_data": 0.6988749950557952
}