{
    "result_on_corrupted_new_data": 0.6935545438748402,
    "result_on_clean_new_data": 0.6954051962322305
}