{
    "result_on_corrupted_new_data": 0.7177181587752509,
    "result_on_clean_new_data": 0.7759294032561302
}