{
    "result_on_corrupted_new_data": 0.6127361846286983,
    "result_on_clean_new_data": 0.5783360460778043
}