{
    "result_on_corrupted_new_data": 0.7404769221364134,
    "result_on_clean_new_data": 0.8309597641603143
}