{
    "result_on_corrupted_new_data": 0.741041541767655,
    "result_on_clean_new_data": 0.8377701611512062
}