{
    "result_on_corrupted_new_data": 0.80104010804696,
    "result_on_clean_new_data": 0.8031755702835911
}