{
    "?": 0.14200426439232408,
    "A": 0.048628594143368224,
    "B": 0.0976877821863456,
    "C": 0.13811320754716983,
    "D": 0.5976138828633406,
    "E": 0.6368421052631579,
    "F": 0.5957446808510638,
    "G": 0.7272727272727273
}