{
    "A": 0.04958459712514836,
    "B": 0.09717483281015422,
    "C": 0.1364795918367347,
    "D": 0.5927528393726339,
    "E": 0.64,
    "F": 0.574468085106383,
    "G": 0.75,
    "missing": 0.14840085287846483
}