{
    "result_on_corrupted_new_data": 856920133.7218235,
    "result_on_clean_new_data": 856902415.7379313
}