{
    "result_on_corrupted_new_data": 591037496.221265,
    "result_on_clean_new_data": 488052510.6043591
}