{
    "result_on_corrupted_new_data": 204953766.5604507,
    "result_on_clean_new_data": 207345397.87295786
}