{
    "result_on_corrupted_new_data": 856985691.2115973,
    "result_on_clean_new_data": 856952153.015776
}