{
    "result_on_corrupted_new_data": 844416907.57366,
    "result_on_clean_new_data": 818632445.7334665
}