{
    "result_on_corrupted_new_data": 0.5003936994617164,
    "result_on_clean_new_data": 0.5071141743676116
}