{
    "result_on_corrupted_new_data": 0.5025904658137121,
    "result_on_clean_new_data": 0.49765819502213554
}