{
    "A": 0.04875148632580262,
    "B": 0.0976877821863456,
    "C": 0.1359979889391654,
    "D": 0.6012035010940919,
    "E": 0.6550802139037433,
    "F": 0.5348837209302325,
    "G": 0.75
}