{
    "result_on_corrupted_new_data": 208035252.44985944,
    "result_on_clean_new_data": 208118318.6509504
}