{
    "result_on_corrupted_new_data": 856898361.2622871,
    "result_on_clean_new_data": 856962958.2701783
}