{
    "result_on_corrupted_new_data": 856608489.2133825,
    "result_on_clean_new_data": 856885090.1969391
}