{
    "result_on_corrupted_new_data": 856956502.5568599,
    "result_on_clean_new_data": 856960528.4256095
}