{
    "result_on_corrupted_new_data": 817678153.9199154,
    "result_on_clean_new_data": 799928522.2800606
}