{
    "result_on_corrupted_new_data": 623913917.4067849,
    "result_on_clean_new_data": 648261356.6889085
}