{
    "result_on_corrupted_new_data": 207620486.50431806,
    "result_on_clean_new_data": 207650547.16077393
}