{
    "result_on_corrupted_new_data": 856703774.4584886,
    "result_on_clean_new_data": 856937535.46425
}