{
    "result_on_corrupted_new_data": 641738751.9232074,
    "result_on_clean_new_data": 650123256.6847153
}