{
    "result_on_corrupted_new_data": 798220031.930599,
    "result_on_clean_new_data": 817023054.5747939
}