{
    "result_on_corrupted_new_data": 1217328417.0145833,
    "result_on_clean_new_data": 1219353739.1173766
}