{
    "result_on_corrupted_new_data": 653618301.6865532,
    "result_on_clean_new_data": 640914648.3941402
}