{
    "result_on_corrupted_new_data": 1236845854.8199615,
    "result_on_clean_new_data": 1222236209.917205
}