{
    "result_on_corrupted_new_data": 1047820131.668428,
    "result_on_clean_new_data": 1047820131.668428
}