{
    "result_on_corrupted_new_data": 1021573991.9960134,
    "result_on_clean_new_data": 1032574270.7662243
}