{
    "result_on_corrupted_new_data": 0.7051871556836723,
    "result_on_clean_new_data": 0.8162006648958673
}