{
    "result_on_corrupted_new_data": 0.7443890874801997,
    "result_on_clean_new_data": 0.7818780283171943
}