{
    "result_on_corrupted_new_data": 0.7382699975549377,
    "result_on_clean_new_data": 0.8056302906445014
}