{
    "result_on_corrupted_new_data": 0.8186351610579143,
    "result_on_clean_new_data": 0.8176602283537058
}