{
    "result_on_corrupted_new_data": 0.5024434743112242,
    "result_on_clean_new_data": 0.5010799408011982
}