{
    "result_on_corrupted_new_data": 0.4987558253327456,
    "result_on_clean_new_data": 0.49607838130096743
}