{
    "result_on_corrupted_new_data": 0.49607889064394717,
    "result_on_clean_new_data": 0.49431310926673455
}