{
    "result_on_corrupted_new_data": 0.5330692134122809,
    "result_on_clean_new_data": 0.5431258683318227
}