{
    "result_on_corrupted_new_data": 0.5335451765217618,
    "result_on_clean_new_data": 0.5439399638724461
}