{
    "result_on_corrupted_new_data": 0.49940868641563707,
    "result_on_clean_new_data": 0.5058606831191329
}