{
    "result_on_corrupted_new_data": 0.493916283965208,
    "result_on_clean_new_data": 0.49888824266927356
}