{
    "result_on_corrupted_new_data": 0.49705076061456693,
    "result_on_clean_new_data": 0.496408284780665
}