{
    "result_on_corrupted_new_data": 0.49738644322499387,
    "result_on_clean_new_data": 0.49464137684413795
}