{
    "result_on_corrupted_new_data": 0.5019568916751486,
    "result_on_clean_new_data": 0.5084640382355176
}