{
    "result_on_corrupted_new_data": 0.5051405923490506,
    "result_on_clean_new_data": 0.4969813748585923
}