{
    "result_on_corrupted_new_data": 12859855587.02907,
    "result_on_clean_new_data": 1220236375.1159961
}