{
    "result_on_corrupted_new_data": 576746934.8545842,
    "result_on_clean_new_data": 611581832.9741769
}