{
    "result_on_corrupted_new_data": 813209545.6052068,
    "result_on_clean_new_data": 806494915.2474382
}