{
    "result_on_corrupted_new_data": 206836846.0704604,
    "result_on_clean_new_data": 206804322.68819192
}