{
    "result_on_corrupted_new_data": 0.49835428053100644,
    "result_on_clean_new_data": 0.504609712941645
}