{
    "result_on_corrupted_new_data": 0.49495866180400744,
    "result_on_clean_new_data": 0.49890373437282554
}