{
    "result_on_corrupted_new_data": 0.5421291103520381,
    "result_on_clean_new_data": 0.5435301409407572
}