{
    "result_on_corrupted_new_data": 0.49431310926673455,
    "result_on_clean_new_data": 0.505687608630877
}