{
    "result_on_corrupted_new_data": 0.49702376443655183,
    "result_on_clean_new_data": 0.5039541283132604
}