{
    "result_on_corrupted_new_data": 0.5023011003546517,
    "result_on_clean_new_data": 0.5002759090987704
}