{
    "result_on_corrupted_new_data": 0.7996512832313389,
    "result_on_clean_new_data": 0.8083427149317194
}