{
    "A": 0.05035113290049026,
    "B": 0.09990407016582158,
    "C": 0.1387080620931397,
    "D": 0.5963003264417845,
    "E": 0.6377952755905512,
    "F": 0.5454545454545454,
    "G": 0.75
}