{
    "result_on_corrupted_new_data": 0.5020972699379592,
    "result_on_clean_new_data": 0.5020376332642128
}