{
    "result_on_corrupted_new_data": 0.5016903296487883,
    "result_on_clean_new_data": 0.49762694105605737
}