{
    "result_on_corrupted_new_data": 0.4971931962569482,
    "result_on_clean_new_data": 0.49983507171497105
}