{
    "result_on_corrupted_new_data": 0.5403273680410253,
    "result_on_clean_new_data": 0.5447082580959487
}