{
    "result_on_corrupted_new_data": 0.49667177630225784,
    "result_on_clean_new_data": 0.49545897976956793
}