{
    "result_on_corrupted_new_data": 0.565393692044745,
    "result_on_clean_new_data": 0.5637458218317706
}