{
    "result_on_corrupted_new_data": 505460220.56592816,
    "result_on_clean_new_data": 553223439.781065
}