{
    "result_on_corrupted_new_data": 856970378.7829314,
    "result_on_clean_new_data": 856953255.9598846
}