{
    "result_on_corrupted_new_data": 856901830.1847172,
    "result_on_clean_new_data": 856928257.2556751
}