{
    "result_on_corrupted_new_data": 807595761.537309,
    "result_on_clean_new_data": 840813052.6920136
}