{
    "result_on_corrupted_new_data": 208583589.22619087,
    "result_on_clean_new_data": 206709629.6790199
}